
-- INVESTIGATORS
INSERT INTO PRINCIPAL_INVESTIGATOR(id, first_name, last_name, research_background, educational_qualifications, profile_image) VALUES ('1fa8e5c3-81d3-4405-95bf-1adb5cb35e64', 'Mora','Antoine', 'Lorem ipsum dolor sit amet, consectetur adipiscing elit. Sed eget dignissim dui. Suspendisse a felis vitae mauris tincidunt vulputate. Morbi vehicula enim at libero viverra, sit amet laoreet mauris pharetra. Nullam vel ante risus. Ut vitae nunc vitae elit finibus tempus eu rhoncus massa. Maecenas non faucibus metus. Aenean nec risus nibh. Cras sit amet odio vitae quam hendrerit ultrices. Aliquam eget vehicula orci, id ultrices eros. Vestibulum cursus magna et turpis tempus ornare. Nulla non commodo neque, et posuere dui. Phasellus egestas nunc eget ex commodo, sit amet luctus nibh finibus. Donec non enim a magna viverra condimentum ac non felis.', 'PhD in Molecular Neuroscience from U of Catalyst', 'https://s3.amazonaws.com/uifaces/faces/twitter/calebogden/128.jpg');
INSERT INTO PRINCIPAL_INVESTIGATOR(id, first_name, last_name, research_background, educational_qualifications, profile_image) VALUES ('05400e5a-f1bb-4c78-893d-27930f5c2640', 'Dorie', 'Liles', 'Nunc tempor ligula in dignissim volutpat. Donec sodales tincidunt lacus a gravida. Curabitur iaculis velit justo, nec viverra urna euismod at. Morbi tempor et lacus vitae hendrerit. Morbi molestie nibh eu metus porta egestas. Quisque laoreet quam eget magna sagittis rutrum. Etiam malesuada nibh ut orci volutpat tempor. Etiam molestie magna ac justo rhoncus, sit amet pellentesque neque lobortis. Ut nec mattis libero, sed lobortis mauris. Sed consequat porta nulla in hendrerit. In tellus ipsum, eleifend ac efficitur vitae, porttitor id erat. Ut neque purus, faucibus sed dui a, ultricies pellentesque quam. Aenean mi neque, elementum quis sagittis non, malesuada non massa. Pellentesque dictum suscipit ullamcorper.', 'MD, PhD in Synthetic Mind from U of Catalyst', 'https://s3.amazonaws.com/uifaces/faces/twitter/rem/128.jpg');
INSERT INTO PRINCIPAL_INVESTIGATOR(id, first_name, last_name, research_background, educational_qualifications, profile_image) VALUES ('9e0529e4-3f64-4ad4-87e1-738743234872', 'Latina', 'Loera', 'Suspendisse quam sapien, imperdiet blandit aliquam sit amet, rutrum ut sapien. Aenean feugiat vulputate sem ac auctor. Sed efficitur, mi vitae interdum venenatis, tellus augue pretium magna, placerat auctor tortor erat et ex. Nunc eget libero vitae massa tincidunt efficitur quis id augue. Aliquam nec orci congue, sollicitudin diam et, scelerisque metus. Suspendisse potenti. In vitae sem id ligula pellentesque aliquet sit amet et neque. Praesent felis lacus, congue nec urna sed, dictum suscipit magna. Phasellus auctor enim id mauris condimentum, vel dignissim dui laoreet. Sed et sem ultrices, vulputate libero ac, molestie ante. Nunc orci purus, ullamcorper facilisis leo eu, ultrices ultrices tortor. Phasellus in dignissim dolor, sed blandit quam. Mauris nulla massa, iaculis ut porta quis, porta mattis nisl. Donec rutrum tellus a mollis ullamcorper.', 'MD, with specialty in Pain Research from U of Catalyst', 'https://s3.amazonaws.com/uifaces/faces/twitter/dzyngiri/128.jpg');
INSERT INTO PRINCIPAL_INVESTIGATOR(id, first_name, last_name, research_background, educational_qualifications, profile_image) VALUES ('127fab89-f530-45bc-a4a8-f803146d4d13', 'Bobby', 'Cano', 'Suspendisse quam sapien, imperdiet blandit aliquam sit amet, rutrum ut sapien. Aenean feugiat vulputate sem ac auctor. Sed efficitur, mi vitae interdum venenatis, tellus augue pretium magna, placerat auctor tortor erat et ex. Nunc eget libero vitae massa tincidunt efficitur quis id augue. Aliquam nec orci congue, sollicitudin diam et, scelerisque metus. Suspendisse potenti. In vitae sem id ligula pellentesque aliquet sit amet et neque. Praesent felis lacus, congue nec urna sed, dictum suscipit magna. Phasellus auctor enim id mauris condimentum, vel dignissim dui laoreet. Sed et sem ultrices, vulputate libero ac, molestie ante. Nunc orci purus, ullamcorper facilisis leo eu, ultrices ultrices tortor. Phasellus in dignissim dolor, sed blandit quam. Mauris nulla massa, iaculis ut porta quis, porta mattis nisl. Donec rutrum tellus a mollis ullamcorper.', 'MPH with specialty in Epidemics from University 101', 'https://s3.amazonaws.com/uifaces/faces/twitter/dancounsell/128.jpg');
INSERT INTO PRINCIPAL_INVESTIGATOR(id, first_name, last_name, research_background, educational_qualifications, profile_image) VALUES ('8f57ce31-99c7-411c-932e-ebf55f8e9de5', 'Gregorio', 'Levy', 'Duis eleifend felis tincidunt dolor aliquam, sed ultricies purus molestie. Etiam id volutpat elit. Nam sed faucibus orci. Sed scelerisque cursus elit. Maecenas porta viverra eros ut semper. Pellentesque dignissim quam neque, eget lacinia mi cursus at. Cras dolor ipsum, commodo quis condimentum non, commodo at dolor. Integer varius fringilla dignissim. Proin volutpat dui non purus mollis gravida. Vivamus porttitor nibh augue. Morbi a maximus turpis.', 'Self taught researcher in protein synthesis', 'https://s3.amazonaws.com/uifaces/faces/twitter/adhamdannaway/128.jpg');
INSERT INTO PRINCIPAL_INVESTIGATOR(id, first_name, last_name, research_background, educational_qualifications, profile_image) VALUES ('a2354529-027d-4023-a7e8-26aa887a1551', 'Gracia', 'Burley', 'Suspendisse blandit odio magna, et pretium lectus fermentum eu. Nulla bibendum lacus vel risus egestas, ut posuere risus posuere. Ut vel neque ac nisl varius auctor id ac libero. In vitae risus sed erat mattis varius. Fusce semper feugiat odio, quis vehicula justo blandit sit amet. In pellentesque quis mi vel malesuada. Maecenas egestas volutpat libero sed volutpat. Nulla et fringilla odio. Sed in facilisis libero. Phasellus est lorem, cursus at enim ut, rhoncus vestibulum ipsum. Sed condimentum, eros id imperdiet facilisis, diam mauris lobortis nisl, vel fringilla purus urna tristique lacus. Sed et arcu massa. Vestibulum ante ipsum primis in faucibus orci luctus et ultrices posuere cubilia Curae; Integer placerat arcu diam, eu eleifend dolor facilisis et.', 'MD, PhD, MPH specialing in Child Psychology from Catalyst U', '');
INSERT INTO PRINCIPAL_INVESTIGATOR(id, first_name, last_name, research_background, educational_qualifications, profile_image) VALUES ('7d7fb089-f276-4888-bf73-94f6b36268cb', 'Georgianna', 'Triplett', 'Pellentesque habitant morbi tristique senectus et netus et malesuada fames ac turpis egestas. Aliquam mattis orci vel sem ultrices, quis varius nunc malesuada. Morbi iaculis, quam non convallis fermentum, enim eros pharetra quam, at mattis augue est a justo. Aliquam erat volutpat. Mauris in elit scelerisque, posuere est eget, fermentum purus. Maecenas at finibus diam. Quisque suscipit ligula in suscipit vestibulum. Aenean id neque nisl. In eget convallis dolor. Integer ornare massa et felis semper dapibus.', 'MD with specialty in Altoids from Catalyst U', 'https://s3.amazonaws.com/uifaces/faces/twitter/mlane/128.jpg');
INSERT INTO PRINCIPAL_INVESTIGATOR(id, first_name, last_name, research_background, educational_qualifications, profile_image) VALUES ('47422d23-d325-4f57-8e83-a0e1d74c4cf0', 'Dottie', 'Ragsdale', 'Curabitur vel est leo. Integer vulputate enim est, eu posuere eros imperdiet ut. Donec sed dictum velit. Aliquam sapien neque, egestas ut sem vestibulum, lobortis mollis ipsum. Class aptent taciti sociosqu ad litora torquent per conubia nostra, per inceptos himenaeos. Morbi sodales rhoncus purus, id consectetur nunc euismod a. Maecenas id porttitor lorem, et auctor nunc. Integer ac justo sed massa laoreet sagittis quis vitae nibh. Aenean enim risus, imperdiet eu eleifend ac, viverra sed risus. Donec laoreet viverra turpis, a varius nunc accumsan hendrerit. Donec non eros dictum, blandit massa a, pharetra ante. Donec tristique mi vel nisi pulvinar, vehicula sodales ipsum luctus. Lorem ipsum dolor sit amet, consectetur adipiscing elit. Integer eget dapibus quam. Pellentesque habitant morbi tristique senectus et netus et malesuada fames ac turpis egestas.', 'MD with specialty in Surgical Precision from Catalyst College', 'https://s3.amazonaws.com/uifaces/faces/twitter/adellecharles/128.jpg');
INSERT INTO PRINCIPAL_INVESTIGATOR(id, first_name, last_name, research_background, educational_qualifications, profile_image) VALUES ('b7c44e8a-baa2-4082-b831-6fe7da978464', 'Ragsdale', 'Moons', 'Maecenas eu tincidunt sapien. In congue volutpat sem, a finibus nulla mattis a. Nulla facilisi. Sed fermentum ut mauris auctor egestas. Phasellus et leo vitae nisi venenatis consectetur nec auctor ligula. Etiam interdum luctus ex. Vivamus facilisis tellus id velit porta mattis. Praesent imperdiet aliquet lectus vulputate commodo. Duis tincidunt lectus nec felis condimentum sodales.', 'PhD in Theology from Rotterdim', 'https://s3.amazonaws.com/uifaces/faces/twitter/peterme/128.jpg');
INSERT INTO PRINCIPAL_INVESTIGATOR(id, first_name, last_name, research_background, educational_qualifications, profile_image) VALUES ('1a57f0a4-e67b-4c44-8f2a-3112fc806f67', 'Tillie', 'Loving', 'Ut mauris lectus, aliquam in quam non, tincidunt fermentum justo. Quisque egestas efficitur mi id luctus. Duis laoreet porttitor odio vitae ultricies. Etiam molestie facilisis purus quis suscipit. Nulla magna odio, facilisis at leo vel, eleifend consequat lectus. Aliquam rhoncus accumsan turpis placerat faucibus. Aenean fermentum porttitor condimentum. Integer non enim lorem. Sed ultrices lacinia ligula a efficitur. In luctus interdum velit, non bibendum turpis tempus sed. Vestibulum ante ipsum primis in faucibus orci luctus et ultrices posuere cubilia Curae;', 'PhD in Technocrats from Catalyst U', 'https://s3.amazonaws.com/uifaces/faces/twitter/nuraika/128.jpg');

-- TAG

INSERT INTO TAG(id, name) VALUES ('5e471601-ef64-4214-bc83-4061eed36b01', 'heart');
INSERT INTO TAG(id, name) VALUES ('c76305d3-1b70-451e-b069-c083462fc0fb', 'pain');
INSERT INTO TAG(id, name) VALUES ('b675a989-2a2d-4b15-8f99-28b2d4ed6908', 'diabetes');
INSERT INTO TAG(id, name) VALUES ('a0a1376d-0267-4049-b75b-5e9984b08f1a', 'mood');
INSERT INTO TAG(id, name) VALUES ('a06c2116-22ed-4ad0-ab9f-8bf24183116f', 'Sputgravaxia');
INSERT INTO TAG(id, name) VALUES ('2abae442-871c-4475-99cb-a2d51d9c2932', 'acid reflux');
INSERT INTO TAG(id, name) VALUES ('f121ac52-9532-4859-a71f-2a006b4fe51f', 'body odor');
INSERT INTO TAG(id, name) VALUES ('adbfdd47-7018-460d-8bc0-6ef7e89f96aa', 'Sputboobasia');
INSERT INTO TAG(id, name) VALUES ('6aac5fc7-791d-48ca-8c4d-39644c55b4b2', 'weeping');
INSERT INTO TAG(id, name) VALUES ('742edf2b-c62c-484d-acfe-ced1a78c73eb', 'blindness');
INSERT INTO TAG(id, name) VALUES ('4b86ae49-00b7-4f38-b480-25b238b38d74', 'dwarfism');
INSERT INTO TAG(id, name) VALUES ('5f626048-b2aa-43d4-83b4-3eabe242c7bc', 'ears');
INSERT INTO TAG(id, name) VALUES ('efef9f75-4291-4ed8-bf69-6e91deff2423', 'swollen');
INSERT INTO TAG(id, name) VALUES ('7b201b40-6538-4955-bc93-9e08ce26753b', 'clammy');
INSERT INTO TAG(id, name) VALUES ('f79581d7-86a9-4e9b-9215-d7ba8a1a3e53', 'sleepwalking');


-- SPONSER
INSERT INTO SPONSOR(id, name, sponsor_logo, description) VALUES ('db07c874-4f65-44ff-b76e-21332982acac', 'Institude of Mood Research', 'https://s3.amazonaws.com/uifaces/faces/twitter/iannnnn/128.jpg', 'Maecenas pretium quis ligula at sagittis. Cras porttitor sem quis mi consectetur pellentesque. Maecenas rutrum mattis tortor a finibus. Proin id eros et dui sodales bibendum. Aenean nibh urna, commodo non ultricies eget, malesuada vitae orci. Fusce quis tincidunt nunc, sed fringilla neque. Morbi eget tristique est, sit amet fermentum magna. Duis nec metus ut neque suscipit mattis.');
INSERT INTO SPONSOR(id, name, sponsor_logo, description) VALUES ('e1f4aacf-6162-4019-883c-911812aea583', 'Substance P Research', 'https://s3.amazonaws.com/uifaces/faces/twitter/sdw/128.jpg','Morbi et venenatis est. Mauris felis orci, suscipit vitae ultrices sit amet, ultricies lacinia nisi. Morbi in aliquam felis. Nullam eget hendrerit nisl. Nunc est urna, porta tempus nulla tempus, sollicitudin posuere ante. Nunc laoreet nulla eget metus suscipit, nec suscipit libero semper. Fusce ac libero tortor.');
INSERT INTO SPONSOR(id, name, sponsor_logo, description) VALUES ('f39b1384-1e6d-4f45-b07c-8fef45616540', 'Doom Institute', 'https://s3.amazonaws.com/uifaces/faces/twitter/ekvium/128.jpg','Sed ornare arcu eget neque tincidunt volutpat. Praesent cursus eros eget enim fringilla, eget efficitur erat tincidunt. Proin massa leo, finibus in ultrices et, tincidunt eget nulla. Pellentesque in ultrices quam, quis pulvinar elit. Ut semper condimentum quam, at pharetra urna lobortis eu. Donec pharetra ante at magna egestas fermentum. Donec nec justo.');
INSERT INTO SPONSOR(id, name, sponsor_logo, description) VALUES ('3477a82b-9c71-45de-af94-11dd000fcf12', 'Loomhour Institute of Pain', 'https://s3.amazonaws.com/uifaces/faces/twitter/sillyleo/128.jpg','Mauris tempus, arcu non mollis sodales, erat enim placerat odio, a laoreet orci ipsum ut leo. Proin vitae eros nibh. Pellentesque habitant morbi tristique senectus et netus et malesuada fames ac turpis egestas. Maecenas sit amet mi quis tellus vulputate fringilla sed vel enim. In sit amet vulputate libero. Maecenas nibh lorem, tincidunt ac risus ut, lobortis aliquam nisl. Vivamus quis massa vestibulum, tristique enim eu, vehicula augue. Integer scelerisque nec tellus nec consectetur. Fusce dui nisi, fermentum in convallis ut, fringilla eget neque. Pellentesque vulputate commodo risus ac cursus. Fusce vitae lacinia ipsum. Donec sagittis dui ipsum, a euismod.');
INSERT INTO SPONSOR(id, name, sponsor_logo, description) VALUES ('8deea42b-73cf-48b5-bb72-2e7249182411', 'Heart Research of Cap', 'https://s3.amazonaws.com/uifaces/faces/twitter/_everaldo/128.jpg', 'Donec nec tincidunt dolor, sit amet ultricies mauris. Proin euismod bibendum porttitor. Pellentesque consequat turpis felis. Aenean vel interdum justo. Donec a odio arcu. Nulla non erat eu urna scelerisque tempor vel eu ante. Morbi nisi lectus, suscipit a molestie nec, porttitor ut ante. Fusce congue.');


-- CLINICAL TRIAL TYPES
INSERT INTO CLINICAL_TRIAL_TYPE(id, name, clinical_trial_type_description) VALUES ('9de5c971-eec1-4624-bbdd-24705b42cf96', 'Quality of life', 'Also known as “supportive care,” this research explores ways to improve comfort and the quality of life for individuals with a chronic illness.');
INSERT INTO CLINICAL_TRIAL_TYPE(id, name, clinical_trial_type_description) VALUES ('09aef28a-cfba-4073-aa23-719bd94a0fc5', 'Treatment', 'Treatment research (also called “clinical trials”) generally involves an intervention such as medication, psychotherapy, new devices, or new approaches to surgery or radiation therapy.');
INSERT INTO CLINICAL_TRIAL_TYPE(id, name, clinical_trial_type_description) VALUES ('912ced79-8d17-405a-a770-f3b9a1b076ae', 'Prevention', 'Prevention research looks for better ways to prevent disorders from developing or returning. Different kinds of prevention research may study medicines, vitamins, vaccines, minerals, or lifestyle changes.');
INSERT INTO CLINICAL_TRIAL_TYPE(id, name, clinical_trial_type_description) VALUES ('010cce3a-aebd-4244-9e4c-7ca96f2f225f', 'Diagnostic', 'This refers to the practice of looking for better ways to identify a particular disorder or condition.');
INSERT INTO CLINICAL_TRIAL_TYPE(id, name, clinical_trial_type_description) VALUES ('44ab8d69-e073-445e-969a-f66303a5761d', 'Screening', 'Screening research aims to find the best ways to detect certain disorders or health conditions.');
INSERT INTO CLINICAL_TRIAL_TYPE(id, name, clinical_trial_type_description) VALUES ('c9d8fdcc-f0c9-4fc3-ae4e-634bd445b878', 'Genetic studies', 'Genetic studies aim to improve the prediction of disorders by identifying and understanding how genes and illnesses may be related. Research in this area may explore ways in which a person’s genes make him or her more or less likely to develop a disorder. This may lead to development of tailor-made treatments based on a patient’s genetic make-up.');
INSERT INTO CLINICAL_TRIAL_TYPE(id, name, clinical_trial_type_description) VALUES ('a5541d22-0f88-4b5b-ab1d-9a29756b774b', 'Epidemiological studies', 'Epidemiological studies seek to identify the patterns, causes, and control of disorders in groups of people.');


-- CLINICAL TRIAL PHASES
INSERT INTO CLINICAL_TRIAL_PHASE(id, name, clinical_trial_phase_description) VALUES ('3ef9ff99-126e-4eed-88a3-f4cdc15da122', 'Phase I trials', 'Researchers test an experimental drug or treatment in a small group of people for the first time. The researchers evaluate the treatment’s safety, determine a safe dosage range, and identify side effects.');
INSERT INTO CLINICAL_TRIAL_PHASE(id, name, clinical_trial_phase_description) VALUES ('73561c78-0e22-48f5-a3dd-c05a6db223bd', 'Phase II trials', 'The experimental drug or treatment is given to a larger group of people to see if it is effective and to further evaluate its safety.');
INSERT INTO CLINICAL_TRIAL_PHASE(id, name, clinical_trial_phase_description) VALUES ('ae96200d-aee6-4965-a14f-6d4b63b3b1b3', 'Phase III trials', 'The experimental study drug or treatment is given to large groups of people. Researchers confirm its effectiveness, monitor side effects, compare it to commonly used treatments, and collect information that will allow the experimental drug or treatment to be used safely.');
INSERT INTO CLINICAL_TRIAL_PHASE(id, name, clinical_trial_phase_description) VALUES ('d3ae3403-6296-4f4a-a8b5-178e230f36db', 'Phase IV trials', 'Post-marketing studies, which are conducted after a treatment is approved for use by the FDA, provide additional information including the treatment or drug’s risks, benefits, and best use.');

-- TARGET GROUP ATTRIBUTES
INSERT INTO TARGET_GROUP_ATTRIBUTE(id, name, min_age, max_age, target_group_description) VALUES ('d721f48e-42ca-4158-9182-25a5ef460df9', 'Infancy', 0, 2, '0–2 years');
INSERT INTO TARGET_GROUP_ATTRIBUTE(id, name, min_age, max_age, target_group_description) VALUES ('58e017fb-7f00-41d8-af24-c0baf5eca7b6', 'Early Childhood', 2, 4, ' 2–4 years');
INSERT INTO TARGET_GROUP_ATTRIBUTE(id, name, min_age, max_age, target_group_description) VALUES ('26eac54c-93ab-4c87-9a02-006dcf94a929', 'Preschool', 4, 5, '4–5 years');
INSERT INTO TARGET_GROUP_ATTRIBUTE(id, name, min_age, max_age, target_group_description) VALUES ('dba2780d-f4e9-4a2e-9edf-aefc63b71b85', 'School age', 5, 12, '5–12 years');
INSERT INTO TARGET_GROUP_ATTRIBUTE(id, name, min_age, max_age, target_group_description) VALUES ('89ee3a8d-7a76-497a-abd7-95ca35ab9285', 'Adolescence', 13, 19,'13–19 years');
INSERT INTO TARGET_GROUP_ATTRIBUTE(id, name, min_age, max_age, target_group_description) VALUES ('a3dc9c77-f15c-4d7b-bec8-f2dd72d081d4', 'Early adulthood', 20, 39,'20-39 years');
INSERT INTO TARGET_GROUP_ATTRIBUTE(id, name, min_age, max_age, target_group_description) VALUES ('39daf4f6-d245-4e44-bd71-d43bf3d41985', 'adulthood', 40, 64,'40–64 years');
INSERT INTO TARGET_GROUP_ATTRIBUTE(id, name, min_age, max_age, target_group_description) VALUES ('b22ff852-b7bd-44a0-a2d9-68ca5b623528', 'Old Age', 65, 120,'65+ years');

-- CLINICAL TRIALS
INSERT INTO CLINICAL_TRIAL (id, name, start_date, end_date, clinical_trial_description, clinical_trial_detail, clinical_trial_type_id, clinical_trial_phase_id, target_group_id) VALUES ('ab87fc90-3151-4a2f-955f-3919b7b0d014', 'Gravidem-120LK', CURRENT_DATE(), DATEADD('YEAR', 1, CURRENT_DATE), 'Investigating a drug to treat Sputgravaxia, a condition suffering from body odor, acid reflux, and uncontrollable weeping.', 'Vestibulum dapibus orci nisl, et mattis purus suscipit id. Vestibulum malesuada semper velit, a scelerisque ex. Praesent interdum luctus lacus, nec feugiat erat pharetra vel.', '09aef28a-cfba-4073-aa23-719bd94a0fc5', '3ef9ff99-126e-4eed-88a3-f4cdc15da122', 'a3dc9c77-f15c-4d7b-bec8-f2dd72d081d4');
INSERT INTO CLINICAL_TRIAL (id, name, start_date, end_date, clinical_trial_description, clinical_trial_detail, clinical_trial_type_id, clinical_trial_phase_id , target_group_id) VALUES ('e458605d-3668-423d-a013-fb22b36f64ab', 'Spinepia-K12P', DATEADD('MONTH', 1, CURRENT_DATE), DATEADD('YEAR', 2, CURRENT_DATE), 'Investigating a drug to treat Sputboobasia, which includes blindness, dwarfism, and swelling of ears.', 'Etiam eget elementum nunc. Sed placerat quam nec elementum consequat. Cras ornare dapibus lobortis. Ut in posuere odio, id fringilla augue. In ullamcorper tortor ligula.', '09aef28a-cfba-4073-aa23-719bd94a0fc5', '3ef9ff99-126e-4eed-88a3-f4cdc15da122', 'dba2780d-f4e9-4a2e-9edf-aefc63b71b85');
INSERT INTO CLINICAL_TRIAL (id, name, start_date, end_date, clinical_trial_description, clinical_trial_detail, clinical_trial_type_id, clinical_trial_phase_id , target_group_id) VALUES ('79df9fbe-7b6c-43e3-b043-9239b800ea6c', 'Chuckhankopy Research', DATEADD('MONTH', 8, CURRENT_DATE), DATEADD('YEAR', 2, CURRENT_DATE), 'Study to help people reduce sleepwalking and clammy hands', 'Pellentesque quis sodales justo. Aliquam ac ornare lectus. Aenean at massa id mauris facilisis sagittis. Pellentesque habitant morbi tristique senectus et netus et malesuada fames.', '912ced79-8d17-405a-a770-f3b9a1b076ae', '3ef9ff99-126e-4eed-88a3-f4cdc15da122', '58e017fb-7f00-41d8-af24-c0baf5eca7b6');
-- INSERT INTO CLINICAL_TRIAL (id, name, start_date, end_date, clinical_trial_description, clinical_trial_detail, clinical_trial_type_id, clinical_trial_phase_id , target_group_id) VALUES ('36c12a96-2478-4d0f-9d41-6c62cad0f2f8', '', '', '', '', '', '', '');
-- INSERT INTO CLINICAL_TRIAL (id, name, start_date, end_date, clinical_trial_description, clinical_trial_detail, clinical_trial_type_id, clinical_trial_phase_id , target_group_id) VALUES ('ce29052d-77b4-4f55-8ed4-85af43bf9e35', '', '', '', '', '', '', '');
-- INSERT INTO CLINICAL_TRIAL (id, name, start_date, end_date, clinical_trial_description, clinical_trial_detail, clinical_trial_type_id, clinical_trial_phase_id , target_group_id) VALUES ('594d34ef-6afc-4baf-b674-4c42a8c82866', '', '', '', '', '', '', '');
-- INSERT INTO CLINICAL_TRIAL (id, name, start_date, end_date, clinical_trial_description, clinical_trial_detail, clinical_trial_type_id, clinical_trial_phase_id , target_group_id) VALUES ('e85a2610-44a6-4f94-8088-78b87db91642', '', '', '', '', '', '', '');
-- INSERT INTO CLINICAL_TRIAL (id, name, start_date, end_date, clinical_trial_description, clinical_trial_detail, clinical_trial_type_id, clinical_trial_phase_id , target_group_id) VALUES ('1b9e098b-1546-414b-848e-3c179fcfb558', '', '', '', '', '', '', '');
-- INSERT INTO CLINICAL_TRIAL (id, name, start_date, end_date, clinical_trial_description, clinical_trial_detail, clinical_trial_type_id, clinical_trial_phase_id , target_group_id) VALUES ('cc40a383-39a2-4569-8340-c7c9938de62d', '', '', '', '', '', '', '');
-- INSERT INTO CLINICAL_TRIAL (id, name, start_date, end_date, clinical_trial_description, clinical_trial_detail, clinical_trial_type_id, clinical_trial_phase_id , target_group_id) VALUES ('7d8d7604-8e67-4eae-938c-8a4b7cbbf30e', '', '', '', '', '', '', '');


-- CLINICAL TRIALS <-> INVESTIGATORS
INSERT INTO CLINICAL_TRIAL_PRINCIPAL_INVESTIGATORS(clinical_trial_id, principal_investigators_id) VALUES ('ab87fc90-3151-4a2f-955f-3919b7b0d014', '1fa8e5c3-81d3-4405-95bf-1adb5cb35e64');
INSERT INTO CLINICAL_TRIAL_PRINCIPAL_INVESTIGATORS(clinical_trial_id, principal_investigators_id) VALUES ('ab87fc90-3151-4a2f-955f-3919b7b0d014', '05400e5a-f1bb-4c78-893d-27930f5c2640');
INSERT INTO CLINICAL_TRIAL_PRINCIPAL_INVESTIGATORS(clinical_trial_id, principal_investigators_id) VALUES ('e458605d-3668-423d-a013-fb22b36f64ab', '1a57f0a4-e67b-4c44-8f2a-3112fc806f67');
INSERT INTO CLINICAL_TRIAL_PRINCIPAL_INVESTIGATORS(clinical_trial_id, principal_investigators_id) VALUES ('e458605d-3668-423d-a013-fb22b36f64ab', 'a2354529-027d-4023-a7e8-26aa887a1551');
INSERT INTO CLINICAL_TRIAL_PRINCIPAL_INVESTIGATORS(clinical_trial_id, principal_investigators_id) VALUES ('e458605d-3668-423d-a013-fb22b36f64ab', '9e0529e4-3f64-4ad4-87e1-738743234872');
INSERT INTO CLINICAL_TRIAL_PRINCIPAL_INVESTIGATORS(clinical_trial_id, principal_investigators_id) VALUES ('e458605d-3668-423d-a013-fb22b36f64ab', 'b7c44e8a-baa2-4082-b831-6fe7da978464');
INSERT INTO CLINICAL_TRIAL_PRINCIPAL_INVESTIGATORS(clinical_trial_id, principal_investigators_id) VALUES ('79df9fbe-7b6c-43e3-b043-9239b800ea6c', '8f57ce31-99c7-411c-932e-ebf55f8e9de5');
INSERT INTO CLINICAL_TRIAL_PRINCIPAL_INVESTIGATORS(clinical_trial_id, principal_investigators_id) VALUES ('79df9fbe-7b6c-43e3-b043-9239b800ea6c', '1fa8e5c3-81d3-4405-95bf-1adb5cb35e64');
INSERT INTO CLINICAL_TRIAL_PRINCIPAL_INVESTIGATORS(clinical_trial_id, principal_investigators_id) VALUES ('79df9fbe-7b6c-43e3-b043-9239b800ea6c', '127fab89-f530-45bc-a4a8-f803146d4d13');


-- CLINICAL TRIALS <-> SPONSORS
INSERT INTO CLINICAL_TRIAL_SPONSORS(clinical_trial_id, sponsors_id) VALUES ('ab87fc90-3151-4a2f-955f-3919b7b0d014', 'db07c874-4f65-44ff-b76e-21332982acac');
INSERT INTO CLINICAL_TRIAL_SPONSORS(clinical_trial_id, sponsors_id) VALUES ('ab87fc90-3151-4a2f-955f-3919b7b0d014', 'e1f4aacf-6162-4019-883c-911812aea583');
INSERT INTO CLINICAL_TRIAL_SPONSORS(clinical_trial_id, sponsors_id) VALUES ('ab87fc90-3151-4a2f-955f-3919b7b0d014', 'f39b1384-1e6d-4f45-b07c-8fef45616540');
INSERT INTO CLINICAL_TRIAL_SPONSORS(clinical_trial_id, sponsors_id) VALUES ('e458605d-3668-423d-a013-fb22b36f64ab', '3477a82b-9c71-45de-af94-11dd000fcf12');
INSERT INTO CLINICAL_TRIAL_SPONSORS(clinical_trial_id, sponsors_id) VALUES ('e458605d-3668-423d-a013-fb22b36f64ab', '3477a82b-9c71-45de-af94-11dd000fcf12');
INSERT INTO CLINICAL_TRIAL_SPONSORS(clinical_trial_id, sponsors_id) VALUES ('e458605d-3668-423d-a013-fb22b36f64ab', '8deea42b-73cf-48b5-bb72-2e7249182411');
INSERT INTO CLINICAL_TRIAL_SPONSORS(clinical_trial_id, sponsors_id) VALUES ('79df9fbe-7b6c-43e3-b043-9239b800ea6c', 'db07c874-4f65-44ff-b76e-21332982acac');
INSERT INTO CLINICAL_TRIAL_SPONSORS(clinical_trial_id, sponsors_id) VALUES ('79df9fbe-7b6c-43e3-b043-9239b800ea6c', '8deea42b-73cf-48b5-bb72-2e7249182411');


-- CLINICAL TRIALS <-> TAGS
INSERT INTO CLINICAL_TRIAL_TAGS(clinical_trial_id, tags_id) VALUES ('ab87fc90-3151-4a2f-955f-3919b7b0d014', 'a06c2116-22ed-4ad0-ab9f-8bf24183116f');
INSERT INTO CLINICAL_TRIAL_TAGS(clinical_trial_id, tags_id) VALUES ('ab87fc90-3151-4a2f-955f-3919b7b0d014', '2abae442-871c-4475-99cb-a2d51d9c2932');
INSERT INTO CLINICAL_TRIAL_TAGS(clinical_trial_id, tags_id) VALUES ('ab87fc90-3151-4a2f-955f-3919b7b0d014', 'f121ac52-9532-4859-a71f-2a006b4fe51f');
INSERT INTO CLINICAL_TRIAL_TAGS(clinical_trial_id, tags_id) VALUES ('ab87fc90-3151-4a2f-955f-3919b7b0d014', '6aac5fc7-791d-48ca-8c4d-39644c55b4b2');
INSERT INTO CLINICAL_TRIAL_TAGS(clinical_trial_id, tags_id) VALUES ('e458605d-3668-423d-a013-fb22b36f64ab', '742edf2b-c62c-484d-acfe-ced1a78c73eb');
INSERT INTO CLINICAL_TRIAL_TAGS(clinical_trial_id, tags_id) VALUES ('e458605d-3668-423d-a013-fb22b36f64ab', 'adbfdd47-7018-460d-8bc0-6ef7e89f96aa');
INSERT INTO CLINICAL_TRIAL_TAGS(clinical_trial_id, tags_id) VALUES ('e458605d-3668-423d-a013-fb22b36f64ab', '4b86ae49-00b7-4f38-b480-25b238b38d74');
INSERT INTO CLINICAL_TRIAL_TAGS(clinical_trial_id, tags_id) VALUES ('e458605d-3668-423d-a013-fb22b36f64ab', '5f626048-b2aa-43d4-83b4-3eabe242c7bc');
INSERT INTO CLINICAL_TRIAL_TAGS(clinical_trial_id, tags_id) VALUES ('e458605d-3668-423d-a013-fb22b36f64ab', 'efef9f75-4291-4ed8-bf69-6e91deff2423');
INSERT INTO CLINICAL_TRIAL_TAGS(clinical_trial_id, tags_id) VALUES ('79df9fbe-7b6c-43e3-b043-9239b800ea6c', '7b201b40-6538-4955-bc93-9e08ce26753b');
INSERT INTO CLINICAL_TRIAL_TAGS(clinical_trial_id, tags_id) VALUES ('79df9fbe-7b6c-43e3-b043-9239b800ea6c', 'f79581d7-86a9-4e9b-9215-d7ba8a1a3e53');
